<beans xmlns="http://www.springframework.org/schema/beans"
	xmlns:context="http://www.springframework.org/schema/context" xmlns:p="http://www.springframework.org/schema/p"
	xmlns:aop="http://www.springframework.org/schema/aop" xmlns:tx="http://www.springframework.org/schema/tx"
	xmlns:xsi="http://www.w3.org/2001/XMLSchema-instance"
	xsi:schemaLocation="http://www.springframework.org/schema/beans http://www.springframework.org/schema/beans/spring-beans-4.0.xsd
	http://www.springframework.org/schema/context http://www.springframework.org/schema/context/spring-context-4.0.xsd
	http://www.springframework.org/schema/aop http://www.springframework.org/schema/aop/spring-aop-4.0.xsd http://www.springframework.org/schema/tx http://www.springframework.org/schema/tx/spring-tx-4.0.xsd
	http://www.springframework.org/schema/util http://www.springframework.org/schema/util/spring-util-4.0.xsd">

	<bean id="jedisPoolConfig" class="redis.clients.jedis.JedisPoolConfig">
		<!-- 最大连接数 -->
		<property name="maxTotal" value="${redis.maxTotal}" />
	</bean>

	<!-- 分片式的集群连接池 -->
	<bean class="redis.clients.jedis.ShardedJedisPool">
		<constructor-arg index="0" ref="jedisPoolConfig" />
		<constructor-arg index="1">
			<list>
				<bean class="redis.clients.jedis.JedisShardInfo">
					<constructor-arg index="0" value="${redis.node1.host}" />
					<constructor-arg index="1" value="${redis.node1.port}" />
				</bean>
			</list>
		</constructor-arg>
	</bean>

</beans>
