<beans xmlns="http://www.springframework.org/schema/beans"
	xmlns:xsi="http://www.w3.org/2001/XMLSchema-instance" xmlns:rabbit="http://www.springframework.org/schema/rabbit"
	xsi:schemaLocation="http://www.springframework.org/schema/rabbit
	http://www.springframework.org/schema/rabbit/spring-rabbit-1.4.xsd
	http://www.springframework.org/schema/beans
	http://www.springframework.org/schema/beans/spring-beans-4.1.xsd">

	<!-- 定义RabbitMQ的连接工厂 -->
	<rabbit:connection-factory id="connectionFactory"
		host="${rabbitmq.host}" port="${rabbitmq.port}" username="${rabbitmq.username}" password="${rabbitmq.password}"
		virtual-host="${rabbitmq.vhost}" />

	<!-- 管理 -->
	<rabbit:admin connection-factory="connectionFactory" auto-startup="true"/>
		
	<!-- 定义队列 -->
	<rabbit:queue name="TAOTAO-CART-LOGIN-QUEUE" auto-declare="true" durable="true"/>
	
	<rabbit:queue name="TAOTAO-CART-ORDER-QUEUE" auto-declare="true" durable="true"/>
	
	<!-- 监听 -->
	<rabbit:listener-container connection-factory="connectionFactory">
		<rabbit:listener ref="loginMQHandler" method="execute" queue-names="TAOTAO-CART-LOGIN-QUEUE"/>
		<rabbit:listener ref="orderMQHandler" method="execute" queue-names="TAOTAO-CART-ORDER-QUEUE"/>
	</rabbit:listener-container>

</beans>
