<?xml version="1.0" encoding="UTF-8"?>
<beans xmlns="http://www.springframework.org/schema/beans"
	xmlns:xsi="http://www.w3.org/2001/XMLSchema-instance"
	xmlns:context="http://www.springframework.org/schema/context"
	xmlns:aop="http://www.springframework.org/schema/aop"
	xmlns:tx="http://www.springframework.org/schema/tx"
	xmlns:jpa="http://www.springframework.org/schema/data/jpa"
	xmlns:cache="http://www.springframework.org/schema/cache"
	xsi:schemaLocation="http://www.springframework.org/schema/beans 
	http://www.springframework.org/schema/beans/spring-beans.xsd
	http://www.springframework.org/schema/context
	http://www.springframework.org/schema/context/spring-context.xsd
	http://www.springframework.org/schema/aop
	http://www.springframework.org/schema/aop/spring-aop.xsd
	http://www.springframework.org/schema/tx 
	http://www.springframework.org/schema/tx/spring-tx.xsd
	http://www.springframework.org/schema/data/jpa
 	http://www.springframework.org/schema/data/jpa/spring-jpa.xsd
 	http://www.springframework.org/schema/cache 
	http://www.springframework.org/schema/cache/spring-cache.xsd">
	
	<!-- 引入外部属性文件 -->
	<context:property-placeholder location="classpath:db.properties" />
	<!-- 连接池 -->
	<bean id="dataSource" class="com.mchange.v2.c3p0.ComboPooledDataSource">
		<property name="driverClass" value="${jdbc.driver}" />
		<property name="jdbcUrl" value="${jdbc.url}" />
		<property name="user" value="${jdbc.user}" />
		<property name="password" value="${jdbc.password}" />
	</bean>
	<!-- spring整合jpa：将实体管理工厂交给spring管理生成。相当于sessionFactory -->
	<!-- 实体管理工厂 -->
	<bean id="entityManagerFactory" class="org.springframework.orm.jpa.LocalContainerEntityManagerFactoryBean">
		<!--1。 数据源 -->
		<property name="dataSource" ref="dataSource" />
		<!--2。 扫描实体类：可以扫描多个包，如果要配置多个包，需要用list，但如果只有一个，则直接是用value -->
		<property name="packagesToScan" value="cn.itcast.bos.domain" />
		<!-- JPA供应商适配：数据库和方言 -->
		<property name="jpaVendorAdapter">
			<!-- 默认适配Hibernate适配器 -->
			<bean class="org.springframework.orm.jpa.vendor.HibernateJpaVendorAdapter">
				<!-- 数据库类型配置 -->
				<property name="database" value="ORACLE" />
				<!-- 是否自动生成DDL建表 -->
				<property name="generateDdl" value="true" />
				<!-- 配置dialect方言 -->
				<property name="databasePlatform" value="org.hibernate.dialect.Oracle10gDialect"/>
				<!-- 打印sql -->
				<property name="showSql" value="true"/>
			</bean>
		</property>
		<!-- 配置hibernate的其他属性 -->
		<property name="jpaProperties">
			<props>
				<prop key="hibernate.format_sql">true</prop>
				<!-- 索引文件存放的目录 -->
				<prop key="hibernate.search.default.indexBase">e:/index34</prop>
			</props>
		</property>
	</bean>
	
	<!-- 事务管理器 -->
	<bean id="transactionManager" class="org.springframework.orm.jpa.JpaTransactionManager">
		<property name="entityManagerFactory" ref="entityManagerFactory" />
	</bean>
	
	<!-- 注解驱动 -->
	<tx:annotation-driven transaction-manager="transactionManager"/>
	
	<!-- 注解的bean组件扫描 -->
	<context:component-scan base-package="cn.itcast.bos.service,cn.itcast.bos.web,cn.itcast.bos.auth"/>
	
	<!-- dao需要被springdata扫描管理 
	自动扫描所有继承Repository的接口,自动为该接口分配一个实现对象
	repository-impl-postfix=""可以自定义实现类的后缀，默认是Impl
	-->
	<jpa:repositories base-package="cn.itcast.bos.dao" />
	
	<!-- shiro权限 -->
	<!-- shiro权限控制过滤器bean -->
	<bean id="shiroSecurityFilter" class="org.apache.shiro.spring.web.ShiroFilterFactoryBean">
		<!-- shiro 的核心安全管理器接口 -->
		<property name="securityManager" ref="securityManager" />
		<!-- 要求登录时的链接 ：认证失败跳转的页面-->
		<property name="loginUrl" value="/login.jsp" />
		<!-- 登陆成功后要跳转的连接：认证成功跳转的页面 -->
		<property name="successUrl" value="/index.jsp" />
		<!-- 未授权时要跳转的连接，权限不足的跳转路径：授权失败跳转的页面 -->
		<property name="unauthorizedUrl" value="/unauthorized.jsp" />
		<!-- shiro 连接约束配置（URL级别的权限控制），即URL和filter的关系，URL控制规则：路径=规则名 -->
		<!-- URL级别权限（认证，授权） -->
		<property name="filterChainDefinitions">
			<value>
				/login.jsp = anon
				/validatecode.jsp = anon
				/js/** = anon
				/css/** = anon
				/images/** = anon
				/user_login.action* = anon
				/page_base_staff.action = anon
				/page_base_region.action = perms["region"]
				/page_base_subarea.action = roles["weihu"]
				/page_qupai_noticebill_add.action = perms["noticebill"]
				/page_qupai_quickworkorder.action = roles["kefu"]
				/** = authc
			</value>
		</property>
	</bean>
	<!-- shiro安全管理器 -->
	<bean id="securityManager" class="org.apache.shiro.web.mgt.DefaultWebSecurityManager">
		<!-- 注入 Realm连接安全数据-->
		<property name="realm" ref="bosRealm"/>
		<!-- 注入shiro的缓存管理器 -->
		<property name="cacheManager" ref="shiroCacheManager"/>
	</bean>
	
	<!-- 开启权限控制的注解功能并且配置aop -->
	<!-- 后处理器：通过动态代理在某bean实例化的前增强。:自己去找权限注解 -->
	<bean id="lifecycleBeanPostProcessor" class="org.apache.shiro.spring.LifecycleBeanPostProcessor"/>
	<!-- 切面自动代理：相当于以前的AOP标签配置 
	advisor:切面 advice:通知
	-->
	<bean class="org.springframework.aop.framework.autoproxy.DefaultAdvisorAutoProxyCreator" 
		depends-on="lifecycleBeanPostProcessor">
		<!-- 设置aop的代理使用CGLIB代理 -->
		<property name="proxyTargetClass" value="true"/>
	</bean>
	
	<!-- Advisor切面配置：授权属性的切面 -->
	<bean class="org.apache.shiro.spring.security.interceptor.AuthorizationAttributeSourceAdvisor">
		<!-- 注入安全管理器 -->
 		<property name="securityManager" ref="securityManager"/>
	</bean>
	
	<!-- 配置shiro和Ehcache的整合 -->
	<!-- ehchace缓存管理器：ehcache缓存大对象 -->
	<bean id="ehcacheManager" class="org.springframework.cache.ehcache.EhCacheManagerFactoryBean">
		<!-- 注入缓存配置文件的位置 -->
		<property name="configLocation" value="classpath:ehcache.xml"/>
	</bean>
	<!-- shiro平台缓存管理器:整合ehcache
	shiroCacheManager -->
	<bean id="shiroCacheManager" class="org.apache.shiro.cache.ehcache.EhCacheManager">
		<!-- 注入ehcache的缓存管理器 -->
		<property name="cacheManager" ref="ehcacheManager"/>
	</bean>
	
	<!-- spring的缓存集成 -->
	<!-- 配置Spring的缓存管理器 -->
	<bean id="springCacheManagerSpring" class="org.springframework.cache.ehcache.EhCacheCacheManager">
		<!-- 注入ehcache的管理器 - -->
		<property name="cacheManager" ref="ehcacheManager"/>
	</bean>
	<!-- 配置缓存的注解驱动，它会自动到spring的bean中寻找缓存相关注解，并使其有效 -->
	<cache:annotation-driven cache-manager="springCacheManagerSpring"/>
	
	
	
	
	
	<!-- 引入cxf -->
	<import resource="applicationContext-cxf.xml"/>
	

</beans>
