<?xml version="1.0" encoding="UTF-8"?>
<beans xmlns="http://www.springframework.org/schema/beans"
	xmlns:xsi="http://www.w3.org/2001/XMLSchema-instance"
	xmlns:context="http://www.springframework.org/schema/context"
	xmlns:aop="http://www.springframework.org/schema/aop"
	xmlns:tx="http://www.springframework.org/schema/tx"
	xmlns:jaxws="http://cxf.apache.org/jaxws"
	xsi:schemaLocation="http://www.springframework.org/schema/beans 
	http://www.springframework.org/schema/beans/spring-beans.xsd
	http://www.springframework.org/schema/context
	http://www.springframework.org/schema/context/spring-context.xsd
	http://www.springframework.org/schema/aop
	http://www.springframework.org/schema/aop/spring-aop.xsd
	http://www.springframework.org/schema/tx 
	http://www.springframework.org/schema/tx/spring-tx.xsd
	http://cxf.apache.org/jaxws
	http://cxf.apache.org/schemas/jaxws.xsd">
	
	<!-- 配置桩的bean -->
	<jaxws:client id="customerService" address="http://localhost:8888/mavencrm/ws/CustomerWS" serviceClass="cn.itcast.bos.dao.ws.stub.CustomerService">
		<!-- 配置日志拦截器 -->
		<jaxws:inInterceptors>
			<ref bean="loggingInInterceptor"/>
		</jaxws:inInterceptors>
		<jaxws:outInterceptors>
			<ref bean="loggingOutInterceptor"/>
		</jaxws:outInterceptors>
	
	</jaxws:client>
	
	<!-- 实例化日志拦截器 -->
	<bean id="loggingInInterceptor" class="org.apache.cxf.interceptor.LoggingInInterceptor"/>
	<bean id="loggingOutInterceptor" class="org.apache.cxf.interceptor.LoggingOutInterceptor"/>
	
    
	
</beans>
