<?xml version="1.0" encoding="UTF-8"?>
<!DOCTYPE hibernate-reverse-engineering PUBLIC "-//Hibernate/Hibernate Reverse Engineering DTD 3.0//EN" "http://hibernate.sourceforge.net/hibernate-reverse-engineering-3.0.dtd" >

<hibernate-reverse-engineering>
	<!--match-schema:匹配（要反转的）方案名(用户名)， match-table：匹配表名（支持正则表达式，.*：任意字符串） -->
	<schema-selection match-table="T_USER" match-schema="BOS34"/>
	<schema-selection match-table="T_BC_.*" match-schema="BOS34"/>
	<schema-selection match-table="T_QP_.*" match-schema="BOS34"/>
	<schema-selection match-table="T_AUTH_.*" match-schema="BOS34"/>
	<!-- 将BOS34下的T_BC_DECIDEDZONE表反转生成bc包下的 DecidedZone类，主键策略为uuid-->
	<table name="T_BC_DECIDEDZONE" schema="BOS34"
		class="cn.itcast.bos.domain.bc.DecidedZone">
		<primary-key>
			<generator class="uuid"></generator>
		</primary-key>
	</table>
	<table name="T_BC_REGION" schema="BOS34"
		class="cn.itcast.bos.domain.bc.Region">
		<primary-key>
			<generator class="uuid"></generator>
		</primary-key>
	</table>
	<table name="T_BC_STAFF" schema="BOS34"
		class="cn.itcast.bos.domain.bc.Staff">
		<primary-key>
			<generator class="uuid"></generator>
		</primary-key>
	</table>
	<table name="T_BC_SUBAREA" schema="BOS34"
		class="cn.itcast.bos.domain.bc.Subarea">
		<primary-key>
			<generator class="uuid"></generator>
		</primary-key>
	</table>
	<table name="T_USER" schema="BOS34"
		class="cn.itcast.bos.domain.user.User">
		<primary-key>
			<generator class="uuid"></generator>
		</primary-key>
	</table>
	<table name="T_QP_NOTICEBILL" schema="BOS34"
		class="cn.itcast.bos.domain.qp.NoticeBill">
		<primary-key>
			<generator class="uuid"></generator>
		</primary-key>
	</table>
	<table name="T_QP_WORKBILL" schema="BOS34"
		class="cn.itcast.bos.domain.qp.WorkBill">
		<primary-key>
			<generator class="uuid"></generator>
		</primary-key>
	</table>
	<table name="T_QP_WORKORDERMANAGE" schema="BOS34"
		class="cn.itcast.bos.domain.qp.WorkOrderManage">
		<primary-key>
			<generator class="uuid"></generator>
		</primary-key>
	</table>
	<table name="T_AUTH_FUNCTION" schema="BOS34"
		class="cn.itcast.bos.domain.auth.Function">
		<primary-key>
			<generator class="uuid"></generator>
		</primary-key>
	</table>
	<table name="T_AUTH_ROLE" schema="BOS34"
		class="cn.itcast.bos.domain.auth.Role">
		<primary-key>
			<generator class="uuid"></generator>
		</primary-key>
	</table>
</hibernate-reverse-engineering>
