<?xml version="1.0" encoding="UTF-8"?>
<!DOCTYPE struts PUBLIC
    "-//Apache Software Foundation//DTD Struts Configuration 2.3//EN"
    "http://struts.apache.org/dtds/struts-2.3.dtd">
<struts>
	<!-- 不用重启服务器 -->
	<constant name="struts.i18n.reload" value="true" />
	<constant name="struts.configuration.xml.reload" value="true" />
	<!-- 表单样式 -->
	<constant name="struts.ui.theme" value="simple" />
	<!-- 国际化文件 -->
	<constant name="struts.custom.i18n.resources" value="messages" />
	<!-- 动态方法调用 -->
	<constant name="struts.enable.DynamicMethodInvocation" value="true" />
	<!-- 更改struts2的注入bean的方式 -->
	<constant name="struts.objectFactory.spring.autoWire.alwaysRespect" value="true"/>

	<package name="basic-bos" extends="json-default">
		<!-- 配置拦截器 -->
		<interceptors>
			<!-- 注册登录拦截器:class:伪类名！！！！！ -->
			<!-- <interceptor name="loginInterceptor" class="cn.itcast.bos.web.interceptor.LoginInterceptor"/> -->
			<interceptor name="loginInterceptor" class="loginInterceptor"/>
			
			<!-- 自定义定义拦截器栈 -->
			<interceptor-stack name="myStack">
				<!-- <interceptor-ref name="loginInterceptor">
					<param name="excludeMethods">login</param>
				</interceptor-ref> -->
				<interceptor-ref name="defaultStack"/>
			</interceptor-stack>
		
		</interceptors>
		
		<!-- 覆盖默认的拦截器栈 -->
		<default-interceptor-ref name="myStack"/>
	
		<!-- 全局结果集 -->
		<global-results>
			<!-- 登录页面 -->
			<result name="login">/login.jsp</result>
			<!-- json类型的全局结果集 -->
			<result name="json" type="json"/>
		</global-results>
	
		<action name="index">
			<result>/index.jsp</result>
		</action>
		<!-- 需要进行权限控制的页面访问 -->
		<action name="page_*_*">
			<result type="dispatcher">/WEB-INF/pages/{1}/{2}.jsp</result>
		</action>
	</package>

</struts>