<?xml version="1.0" encoding="UTF-8" ?>
<!DOCTYPE mapper PUBLIC "-//mybatis.org//DTD Mapper 3.0//EN" "http://mybatis.org/dtd/mybatis-3-mapper.dtd" >
<mapper namespace="com.glanway.hr.dms.dao.schedule.ScheduleDao">
	<resultMap id="BaseResultMap" type="com.glanway.hr.dms.entity.schedule.Schedule">
		<id column="ID" property="id" jdbcType="DECIMAL" />
		<result column="EMPLOYEE_CODE" property="employeeCode" jdbcType="VARCHAR" />
		<result column="YEAR" property="year" jdbcType="DECIMAL" />
		<result column="MONTH" property="month" jdbcType="DECIMAL" />
		<result column="DAY_1" property="day1" jdbcType="DECIMAL" />
		<result column="DAY_2" property="day2" jdbcType="DECIMAL" />
		<result column="DAY_3" property="day3" jdbcType="DECIMAL" />
		<result column="DAY_4" property="day4" jdbcType="DECIMAL" />
		<result column="DAY_5" property="day5" jdbcType="DECIMAL" />
		<result column="DAY_6" property="day6" jdbcType="DECIMAL" />
		<result column="DAY_7" property="day7" jdbcType="DECIMAL" />
		<result column="DAY_8" property="day8" jdbcType="DECIMAL" />
		<result column="DAY_9" property="day9" jdbcType="DECIMAL" />
		<result column="DAY_10" property="day10" jdbcType="DECIMAL" />
		<result column="DAY_12" property="day12" jdbcType="DECIMAL" />
		<result column="DAY_13" property="day13" jdbcType="DECIMAL" />
		<result column="DAY_14" property="day14" jdbcType="DECIMAL" />
		<result column="DAY_15" property="day15" jdbcType="DECIMAL" />
		<result column="DAY_16" property="day16" jdbcType="DECIMAL" />
		<result column="DAY_17" property="day17" jdbcType="DECIMAL" />
		<result column="DAY_18" property="day18" jdbcType="DECIMAL" />
		<result column="DAY_19" property="day19" jdbcType="DECIMAL" />
		<result column="DAY_20" property="day20" jdbcType="DECIMAL" />
		<result column="DAY_21" property="day21" jdbcType="DECIMAL" />
		<result column="DAY_22" property="day22" jdbcType="DECIMAL" />
		<result column="DAY_23" property="day23" jdbcType="DECIMAL" />
		<result column="DAY_24" property="day24" jdbcType="DECIMAL" />
		<result column="DAY_25" property="day25" jdbcType="DECIMAL" />
		<result column="DAY_26" property="day26" jdbcType="DECIMAL" />
		<result column="DAY_27" property="day27" jdbcType="DECIMAL" />
		<result column="DAY_28" property="day28" jdbcType="DECIMAL" />
		<result column="DAY_29" property="day29" jdbcType="DECIMAL" />
		<result column="DAY_30" property="day30" jdbcType="DECIMAL" />
		<result column="DAY_31" property="day31" jdbcType="DECIMAL" />
		<result column="BATCH_DATE" property="batchDate" jdbcType="TIMESTAMP" />
		<result column="DELETED" property="deleted" jdbcType="CHAR" />
		<result column="CRE_PRO_ID" property="creProId" jdbcType="DECIMAL" />
		<result column="CREATED_BY" property="createdBy" jdbcType="DECIMAL" />
		<result column="CREATED_DATE" property="createdDate" jdbcType="TIMESTAMP" />
		<result column="MOD_PRO_ID" property="modProId" jdbcType="DECIMAL" />
		<result column="LAST_MODIFIED_BY" property="lastModifiedBy" jdbcType="DECIMAL" />
		<result column="LAST_MODIFIED_DATE" property="lastModifiedDate" jdbcType="TIMESTAMP" />
	</resultMap>
	<sql id="Base_Column_List">
		ID, EMPLOYEE_CODE, YEAR, MONTH, DAY_1, DAY_2, DAY_3, DAY_4,
		DAY_5, DAY_6,
		DAY_7,
		DAY_8, DAY_9, DAY_10, DAY_12, DAY_13, DAY_14,
		DAY_15, DAY_16, DAY_17,
		DAY_18, DAY_19,
		DAY_20, DAY_21, DAY_22, DAY_23,
		DAY_24, DAY_25, DAY_26, DAY_27, DAY_28,
		DAY_29, DAY_30,
		DAY_31,
		BATCH_DATE, DELETED, CRE_PRO_ID, CREATED_BY, CREATED_DATE,
		MOD_PRO_ID,
		LAST_MODIFIED_BY,
		LAST_MODIFIED_DATE
	</sql>

	<select id="findSchedule" resultType="Schedule">
		SELECT 
			<include refid="Base_Column_List"/>
		FROM T_SCHEDULE
		WHERE YEAR = #{year} 
		AND MONTH = #{month}
		AND EMPLOYEE_CODE = #{employeeCode}
		AND DELETED = 0 
	</select>
</mapper>