<?xml version="1.0" encoding="UTF-8"?>
<!DOCTYPE mapper PUBLIC "-//mybatis.org//DTD Mapper 3.0//EN" "http://mybatis.org/dtd/mybatis-3-mapper.dtd">
<mapper namespace="com.glanway.hr.dms.dao.schedule.SchedulingDao">
	<resultMap id="BaseResultMap" type="com.glanway.hr.dms.entity.schedule.Scheduling">
		<id column="YEAR" jdbcType="DECIMAL" property="year" />
		<id column="MONTH" jdbcType="DECIMAL" property="month" />
		<id column="EMPLOYEE_ID" jdbcType="DECIMAL" property="employeeId" />
		<id column="STORE_ID" jdbcType="VARCHAR" property="storeId" />
		<result column="DAY_1" jdbcType="DECIMAL" property="day1" />
		<result column="DAY_2" jdbcType="DECIMAL" property="day2" />
		<result column="DAY_3" jdbcType="DECIMAL" property="day3" />
		<result column="DAY_4" jdbcType="DECIMAL" property="day4" />
		<result column="DAY_5" jdbcType="DECIMAL" property="day5" />
		<result column="DAY_6" jdbcType="DECIMAL" property="day6" />
		<result column="DAY_7" jdbcType="DECIMAL" property="day7" />
		<result column="DAY_8" jdbcType="DECIMAL" property="day8" />
		<result column="DAY_9" jdbcType="DECIMAL" property="day9" />
		<result column="DAY_10" jdbcType="DECIMAL" property="day10" />
		<result column="DAY_11" jdbcType="DECIMAL" property="day11" />
		<result column="DAY_12" jdbcType="DECIMAL" property="day12" />
		<result column="DAY_13" jdbcType="DECIMAL" property="day13" />
		<result column="DAY_14" jdbcType="DECIMAL" property="day14" />
		<result column="DAY_15" jdbcType="DECIMAL" property="day15" />
		<result column="DAY_16" jdbcType="DECIMAL" property="day16" />
		<result column="DAY_17" jdbcType="DECIMAL" property="day17" />
		<result column="DAY_18" jdbcType="DECIMAL" property="day18" />
		<result column="DAY_19" jdbcType="DECIMAL" property="day19" />
		<result column="DAY_20" jdbcType="DECIMAL" property="day20" />
		<result column="DAY_21" jdbcType="DECIMAL" property="day21" />
		<result column="DAY_22" jdbcType="DECIMAL" property="day22" />
		<result column="DAY_23" jdbcType="DECIMAL" property="day23" />
		<result column="DAY_24" jdbcType="DECIMAL" property="day24" />
		<result column="DAY_25" jdbcType="DECIMAL" property="day25" />
		<result column="DAY_26" jdbcType="DECIMAL" property="day26" />
		<result column="DAY_27" jdbcType="DECIMAL" property="day27" />
		<result column="DAY_28" jdbcType="DECIMAL" property="day28" />
		<result column="DAY_29" jdbcType="DECIMAL" property="day29" />
		<result column="DAY_30" jdbcType="DECIMAL" property="day30" />
		<result column="DAY_31" jdbcType="DECIMAL" property="day31" />
		<result column="BATCH_DT" jdbcType="TIMESTAMP" property="batchDt" />
		<result column="DEL_FLG" jdbcType="DECIMAL" property="delFlg" />
		<result column="CRE_PRO_ID" jdbcType="VARCHAR" property="creProId" />
		<result column="CREATOR" jdbcType="DECIMAL" property="creator" />
		<result column="CREATE_DT" jdbcType="TIMESTAMP" property="createDt" />
		<result column="MOD_PRO_ID" jdbcType="VARCHAR" property="modProId" />
		<result column="MODIFIER" jdbcType="DECIMAL" property="modifier" />
		<result column="MODIFY_DT" jdbcType="TIMESTAMP" property="modifyDt" />
	</resultMap>
	<sql id="Base_Column_List">
		YEAR, MONTH, EMPLOYEE_ID, STORE_ID, DAY_1, DAY_2, DAY_3, DAY_4, DAY_5,
		DAY_6, DAY_7,
		DAY_8, DAY_9, DAY_10, DAY_11, DAY_12, DAY_13, DAY_14, DAY_15, DAY_16,
		DAY_17, DAY_18,
		DAY_19, DAY_20, DAY_21, DAY_22, DAY_23, DAY_24, DAY_25, DAY_26, DAY_27,
		DAY_28, DAY_29,
		DAY_30, DAY_31, BATCH_DT, DEL_FLG, CRE_PRO_ID, CREATOR, CREATE_DT,
		MOD_PRO_ID, MODIFIER,
		MODIFY_DT
	</sql>

</mapper>