<beans xmlns="http://www.springframework.org/schema/beans"
	xmlns:xsi="http://www.w3.org/2001/XMLSchema-instance" xmlns:mvc="http://www.springframework.org/schema/mvc"
	xmlns:context="http://www.springframework.org/schema/context"
	xmlns:aop="http://www.springframework.org/schema/aop" 
	xmlns:tx="http://www.springframework.org/schema/tx"
	xmlns:task="http://www.springframework.org/schema/task"
	xmlns:dubbo="http://code.alibabatech.com/schema/dubbo"
	xsi:schemaLocation="http://www.springframework.org/schema/beans 
		http://www.springframework.org/schema/beans/spring-beans-4.0.xsd 
		http://www.springframework.org/schema/mvc 
		http://www.springframework.org/schema/mvc/spring-mvc-4.0.xsd 
		http://www.springframework.org/schema/context 
		http://www.springframework.org/schema/context/spring-context-4.0.xsd 
		http://www.springframework.org/schema/aop 
		http://www.springframework.org/schema/aop/spring-aop-4.0.xsd 
		http://www.springframework.org/schema/tx 
		http://www.springframework.org/schema/tx/spring-tx-4.0.xsd
		http://www.springframework.org/schema/task
   		http://www.springframework.org/schema/task/spring-task-4.0.xsd
		http://code.alibabatech.com/schema/dubbo        
		http://code.alibabatech.com/schema/dubbo/dubbo.xsd">
		
		
		
		<!-- 配置数据源 druid-->
		<bean id="dataSource" class="com.alibaba.druid.pool.DruidDataSource">
			<!-- 驱动 -->
			<property name="driverClassName" value="${driverClassName}"/>
			<!-- url -->
			<property name="url" value="${url}"/>
			<property name="username" value="${username}"/>
			<property name="password" value="${password}"/>
		</bean>
		
		
		 <!-- 配置MYbatis的工厂  -->
		<!-- <bean class="org.mybatis.spring.SqlSessionFactoryBean">
			<property name="dataSource" ref="dataSource"/>
			<property name="configLocation" value="classpath:mybatis/mybatis-config.xml"/>
		</bean> -->
		
		<!-- 配置Mapper的扫描  -->
		<bean class="org.mybatis.spring.mapper.MapperScannerConfigurer">
			<property name="basePackage" value="com.aitou.csv"/>
		</bean>

		
</beans>
