<?xml version="1.0" encoding="UTF-8"?>
<beans xmlns="http://www.springframework.org/schema/beans"
	xmlns:xsi="http://www.w3.org/2001/XMLSchema-instance" xmlns:context="http://www.springframework.org/schema/context"
	xmlns:jdbc="http://www.springframework.org/schema/jdbc" xmlns:util="http://www.springframework.org/schema/util"
	xmlns:task="http://www.springframework.org/schema/task" xmlns:aop="http://www.springframework.org/schema/aop"
	xsi:schemaLocation="http://www.springframework.org/schema/beans http://www.springframework.org/schema/beans/spring-beans.xsd
                           http://www.springframework.org/schema/context http://www.springframework.org/schema/context/spring-context-4.1.xsd http://www.springframework.org/schema/jdbc http://www.springframework.org/schema/jdbc/spring-jdbc.xsd http://www.springframework.org/schema/util http://www.springframework.org/schema/util/spring-util.xsd
                           http://www.springframework.org/schema/task http://www.springframework.org/schema/task/spring-task.xsd http://www.springframework.org/schema/aop http://www.springframework.org/schema/aop/spring-aop.xsd">

	<context:property-placeholder location="classpath:config.properties"
		ignore-unresolvable="true" />

	<context:annotation-config />

	<context:component-scan base-package="com.glanway.hr.dms.service">
		<context:exclude-filter type="annotation"
			expression="org.springframework.stereotype.Controller" />
	</context:component-scan>

	<context:component-scan base-package="com.glanway.hr.dms.utils">
		<context:include-filter type="annotation"
			expression="org.springframework.stereotype.Controller" />
	</context:component-scan>

	<aop:aspectj-autoproxy />

	<bean id="dataSource" class="com.mchange.v2.c3p0.ComboPooledDataSource"
		destroy-method="close">
		<property name="driverClass" value="${jdbc.driver}" />
		<property name="jdbcUrl" value="${jdbc.url}" />
		<property name="user" value="${jdbc.user}" />
		<property name="password" value="${jdbc.password}" />
		<property name="initialPoolSize" value="2" />
		<property name="maxPoolSize" value="50" />
		<property name="minPoolSize" value="2" />
		<property name="acquireIncrement" value="5" />
		<property name="checkoutTimeout" value="3000" />
		<property name="idleConnectionTestPeriod" value="3000" />
		<property name="testConnectionOnCheckout" value="true" />
	</bean>

	<bean
		class="org.springframework.beans.factory.annotation.AutowiredAnnotationBeanPostProcessor" />

	<bean id="webContextFilter" class="org.ponly.web.servlet.WebContextFilter">
		<property name="configManager" ref="configManager" />
	</bean>

	<bean id="configManager" class="org.ponly.config.mgt.support.JdbcConfigManager">
		<property name="dataSource" ref="dataSource" />
	</bean>

	<!-- 定时器 -->
	<!-- <task:annotation-driven /> -->
	<!-- <bean
		class="org.springframework.beans.factory.annotation.AutowiredAnnotationBeanPostProcessor" />
	<context:component-scan base-package="com.glanway.hr.dms.task" /> -->

	
</beans>
