<beans xmlns="http://www.springframework.org/schema/beans"
	xmlns:batch="http://www.springframework.org/schema/batch" xmlns:jdbc="http://www.springframework.org/schema/jdbc"
	xmlns:xsi="http://www.w3.org/2001/XMLSchema-instance"
	xsi:schemaLocation="http://www.springframework.org/schema/beans
						http://www.springframework.org/schema/beans/spring-beans-3.1.xsd
						http://www.springframework.org/schema/batch
						http://www.springframework.org/schema/batch/spring-batch.xsd
						http://www.springframework.org/schema/jdbc
						http://www.springframework.org/schema/jdbc/spring-jdbc.xsd">

	<!-- Spring-Batch 批处理配置 -->
	<batch:job id="scheduleJob" restartable="true">
		<batch:step id="scheduleStep">
			<tasklet task-executor="taskExecutor" throttle-limit="50"
				start-limit="3">
				<chunk reader="scheduleReader" processor="scheduleProcessor"
					writer="scheduleWriter" commit-interval="200"
					chunk-completion-policy="">
				</chunk>
			</tasklet>
		</batch:step>
	</batch:job>

	<bean id="taskExecutor" class="org.springframework.core.task.SimpleAsyncTaskExecutor" />

	<bean id="transactionManager"
		class="org.springframework.jdbc.datasource.DataSourceTransactionManager">
		<property name="dataSource" ref="dataSource" />
	</bean>

	<bean id="jobRepository"
		class="org.springframework.batch.core.repository.support.JobRepositoryFactoryBean">
		<property name="dataSource" ref="dataSource" />
		<!-- 事物级别 -->
		<property name="isolationLevelForCreate" value="ISOLATION_READ_COMMITTED" />
		<property name="transactionManager" ref="transactionManager" />
		<!-- 数据库是Oracle -->
		<property name="databaseType" value="oracle" />
	</bean>

	<!-- 处理器 -->
	<bean id="scheduleProcessor" class="com.glanway.hr.dms.service.schedule.ScheduleProcessor" />


	<!-- Mybatis ItemReader 其中queryId：对应Mapper xml文件中的id，此处为空，因要在代码中动态填充 -->
	<bean id="scheduleReader" class="org.mybatis.spring.batch.MyBatisPagingItemReader" scope="prototype">
		<property name="sqlSessionFactory" ref="sqlSessionFactory" />
		<!-- 定义多少个后进行处理 -->
		<property name="pageSize" value="100" />
		<!-- <property name="parameterValues" > 
			<map> 
				<entry key="id" value="1" /> 
			</map> 
		</property> -->
		<property name="queryId" value="findUsers" />
	</bean>

	<!-- MybatisItemWriter 其中statementId：对应Mapperxml文件中的id，此处为空，因要在代码中动态填充 -->
	<bean id="scheduleWriter" class="org.mybatis.spring.batch.MyBatisBatchItemWriter" scope="prototype">
		<property name="sqlSessionFactory" ref="sqlSessionFactory" />
		<property name="statementId" value="insertman" />
	</bean>

	<!-- 读出 -->
	<!-- <bean id="scheduleDbReader"
		class="org.springframework.batch.item.database.JdbcPagingItemReader">
		<property name="dataSource" ref="dataSource" />
		<property name="rowMapper" ref="scheduleDbMapper" />
		<property name="queryProvider" ref="scheduleQueryProvider" />
	</bean>

	<bean id="scheduleDbMapper" class="com.glanway.hr.dms.sync.schedule.ScheduleDbMapper" /> -->

	<!-- 读入时的SQL拼接 -->
	<!-- <bean id="scheduleQueryProvider"
		class="org.springframework.batch.item.database.support.OraclePagingQueryProvider">
		<property name="selectClause" value="u.id,u.name" />
		<property name="fromClause" value="user u" />
		<property name="sortKeys">
			<map>
				<entry key="u.id" value="ASCENDING" />
				<entry key="u.name" value="DESCENDING" />
			</map>
		</property>
	</bean> -->

	<!-- 写入 -->
	<!-- <bean id="scheduleDbWriter"
		class="org.springframework.batch.item.database.JdbcBatchItemWriter">
		<property name="dataSource" ref="dataSource" />
		<property name="sql"
			value="insert into user(id,name,pwd) values(:id,:1,:2)" />
		<property name="itemSqlParameterSourceProvider" ref="itemSqlParameterSourceProvider" />
	</bean> -->

	<!-- <bean id="itemSqlParameterSourceProvider"
		class="org.springframework.batch.item.database.BeanPropertyItemSqlParameterSourceProvider" /> -->
</beans>