<?xml version="1.0" encoding="UTF-8"?>
<beans xmlns="http://www.springframework.org/schema/beans"
	xmlns:xsi="http://www.w3.org/2001/XMLSchema-instance" xmlns:aop="http://www.springframework.org/schema/aop"
	xmlns:context="http://www.springframework.org/schema/context"
	xmlns:beans="http://www.springframework.org/schema/beans"
	xsi:schemaLocation="http://www.springframework.org/schema/context http://www.springframework.org/schema/context/spring-context.xsd
     					http://www.springframework.org/schema/beans http://www.springframework.org/schema/beans/spring-beans.xsd
     					http://www.springframework.org/schema/aop http://www.springframework.org/schema/aop/spring-aop.xsd
                     	http://www.springframework.org/schema/beans http://www.springframework.org/schema/beans/spring-beans.xsd">

	<!-- Spring-Quarts 定时器配置 -->
	<bean class="org.springframework.scheduling.quartz.SchedulerFactoryBean">
		<property name="triggers">
			<bean id="syncDMSJobTrigger" class="org.springframework.scheduling.quartz.CronTriggerFactoryBean">
				<property name="jobDetail" ref="syncDMSJobDetail" />
				<property name="cronExpression" value="0 0/2 * * * ?" />
			</bean>
		</property>
	</bean>

	<bean id="syncDMSJobDetail" class="org.springframework.scheduling.quartz.JobDetailFactoryBean">
		<property name="jobClass" ref="syncDMSJob" />
		<property name="group" value="quartz-batch" />
		<property name="jobDataAsMap">
			<map>
				<entry key="jobName" value-ref="scheduleJob" />
				<entry key="jobRepository" value-ref="jobRepository" />
			</map>
		</property>
	</bean>
	
	<bean id="syncDMSJob" class="com.glanway.hr.dms.task.SyncDMSJob" />
	
</beans>
