<?xml version="1.0" encoding="UTF-8" ?>
<!DOCTYPE mapper PUBLIC "-//mybatis.org//DTD Mapper 3.0//EN" "http://mybatis.org/dtd/mybatis-3-mapper.dtd" >
<mapper namespace="com.aitou.csv.UserDao">

	
	<resultMap id="ResultMap" type="com.aitou.mes.User">
		<id column="ID" property="id" jdbcType="VARCHAR" />
		<result column="NAME" property="name" jdbcType="VARCHAR" />
		<result column="AGE" property="age" jdbcType="INTEGER"  />
	</resultMap>

	<sql id="Base_Column_List">
		ID, NAME, AGE
	</sql>
	<sql id="Blob_Column_List">
		REQUEST_PARAM, PLAINTEXT_PARAM, RESULT_DATA,
		PLAINTEXT_RESULT_DATA, EXCEPTION
	</sql>
	<select id="findUsers" resultMap="ResultMap">
		select 
		ID,NAME,AGE
		 from user
	</select>

	<select id="selectById" resultMap="ResultMap"
		parameterType="java.lang.String">
		select
		<include refid="Base_Column_List" />
		from user
		where ID = #{id,jdbcType=VARCHAR}
	</select>
	
	<!-- 保存交易数据 -->
	<insert id="insertman" parameterType="com.aitou.mes.User">
		
		INSERT INTO
           man
        (
            ID,
            NAME,
            AGE
        )
        VALUES
        (
          #{id,jdbcType=VARCHAR},
          #{name,jdbcType=VARCHAR},
          #{age,jdbcType=INTEGER}
        )
	</insert>


</mapper>