<beans xmlns="http://www.springframework.org/schema/beans"
	xmlns:context="http://www.springframework.org/schema/context" xmlns:p="http://www.springframework.org/schema/p"
	xmlns:aop="http://www.springframework.org/schema/aop" xmlns:tx="http://www.springframework.org/schema/tx"
	xmlns:xsi="http://www.w3.org/2001/XMLSchema-instance"
	xsi:schemaLocation="http://www.springframework.org/schema/beans http://www.springframework.org/schema/beans/spring-beans-4.0.xsd
	http://www.springframework.org/schema/context http://www.springframework.org/schema/context/spring-context-4.0.xsd
	http://www.springframework.org/schema/aop http://www.springframework.org/schema/aop/spring-aop-4.0.xsd http://www.springframework.org/schema/tx http://www.springframework.org/schema/tx/spring-tx-4.0.xsd
	http://www.springframework.org/schema/util http://www.springframework.org/schema/util/spring-util-4.0.xsd">

	<!-- 配置mybatis的SqlSessionFactory -->
	<bean class="org.mybatis.spring.SqlSessionFactoryBean">
		<!-- 数据源 -->
		<property name="dataSource" ref="dataSource"/>
		<!-- mybatis的全局配置文件 -->
		<property name="configLocation" value="classpath:mybatis/mybatis-config.xml"/>
		<!-- 别名扫描包 -->
		<property name="typeAliasesPackage" value="com.taotao.manage.pojo"/>
		<!-- mapper配置文件 -->
		<!-- <property name="mapperLocations" value="classpath:mybatis/mappers/**/*.xml"/> -->
	</bean>
	
	<!-- mapper接口扫描器 -->
	<bean class="org.mybatis.spring.mapper.MapperScannerConfigurer">
		<!-- mapper接口包 -->
		<property name="basePackage" value="com.taotao.manage.mapper"/>
	</bean>

</beans>
