<?xml version="1.0" encoding="UTF-8"?>
<beans xmlns="http://www.springframework.org/schema/beans"
	xmlns:xsi="http://www.w3.org/2001/XMLSchema-instance" xmlns:p="http://www.springframework.org/schema/p"
	xmlns:context="http://www.springframework.org/schema/context"
	xmlns:mvc="http://www.springframework.org/schema/mvc"
	xsi:schemaLocation="http://www.springframework.org/schema/beans http://www.springframework.org/schema/beans/spring-beans-4.0.xsd
        http://www.springframework.org/schema/mvc http://www.springframework.org/schema/mvc/spring-mvc-4.0.xsd
        http://www.springframework.org/schema/context http://www.springframework.org/schema/context/spring-context-4.0.xsd">

	<!-- 注解驱动 -->
	<mvc:annotation-driven>
		<mvc:message-converters register-defaults="true">
			<bean class="org.springframework.http.converter.StringHttpMessageConverter">
				<constructor-arg index="0" value="UTF-8"/>
			</bean>
			<bean class="com.taotao.common.spring.exetend.converter.json.CallbackMappingJackson2HttpMessageConverter">
				<property name="callbackName" value="callback"/>
			</bean>
		</mvc:message-converters>
	</mvc:annotation-driven>
	
	<!-- Controller的扫描包 -->
	<context:component-scan base-package="com.taotao.manage.controller"/>
	
	<!-- 视图解析器 -->
	<!-- Example: prefix="/WEB-INF/jsp/", suffix=".jsp", viewname="test" -> "/WEB-INF/jsp/test.jsp"  -->
	<bean class="org.springframework.web.servlet.view.InternalResourceViewResolver">
		<property name="prefix" value="/WEB-INF/views/"/>
		<property name="suffix" value=".jsp"/>
	</bean>
	
	<!-- 文件上传解析器 -->
	<bean id="multipartResolver" class="org.springframework.web.multipart.commons.CommonsMultipartResolver">
		<!-- 最大的上传大小 -->
		<property name="maxUploadSize" value="5242880"/>
	</bean>
	
</beans>